technique,inc_status,our_detections,wazuh_rules,procedure_verdict,gap_rank,note
T1021.001,not-deployed,100412,92657(6),not-tested,3,RDP lateral movement (4 sources). 100412 written not deployed; keys on 4624 type 10 so as written it cannot separate INC from admin RDP - needs source/baseline context
T1036.005,gap,,,gap,1,PsExec renamed winupd (PsExec cluster)
T1046,gap,,,gap,,NETSCAN.EXE internal scan
T1047,wazuh-tag-unvalidated,,60730(6) 60747(1),not-tested,,WMIC used to deploy ransomware; wmic removed from Windows 11 and not checked on DC01 - procedure may not be reproducible in this lab
T1049,gap,,,gap,,Cited for RDP used to test connections - weak mapping on the attacker side
T1059.003,wazuh-tag-unvalidated,,92052(15) 92004(2),not-tested,,cmd.exe launching payloads
T1069.002,gap,,,gap,,Domain group enumeration; Module 06 Lab 04 showed LDAP recon is not rule-matchable in Wazuh 4.14.6
T1070.004,wazuh-tag-unvalidated,,92021(207) 751(48) 553(22) 597(5),not-tested,,Tools uninstalled after use
T1071,gap,,,gap,,Cited for valid accounts over RDP - not an application-layer C2 procedure; weak mapping on the attacker side
T1074,gap,,,gap,,Local data staging before exfiltration
T1078,fired,100401 100412,60106(8418) 100401(8062) 5501(2492) 5715(714) 60118(26),partial-non-discriminating,,100401 fires on a privileged account logon (INC hunts domain admins) but fires identically on every legitimate admin logon and misses non-privileged accounts
T1087.002,gap,,,gap,,Domain admin account discovery; same Wazuh wall as T1069.002
T1105,fired,100405 100406,92205(185) 92200(38) 92213(28) 100405(24) 92203(7) 100406(4) 91811(1),indeterminate,,Source says tools were downloaded but not how; 100405/100406 only see a PowerShell download cradle
T1135,gap,,,gap,,Internet Explorer used to browse remote shares
T1190,gap-no-datasource,,,gap,,Citrix NetScaler CVE-2023-3519; no appliance or web logs in the lab
T1219,gap,,,gap,,AnyDesk and PuTTY
T1486,gap,,,gap,,Encryption - detection here is after the damage; deliberately not ranked
T1537,gap,,,gap,2,MEGAsync exfiltration to cloud (1 source); exfiltration is the breach for education and healthcare and precedes encryption
T1560.001,gap,,,gap,,7-Zip and WinRAR archiving before exfiltration
T1566,gap-no-datasource,,,gap,,Phishing; no mail logs in the lab
T1569.002,gap,,,gap,1,Encryptor run as service winupd via SCM 7045 (PsExec cluster)
T1570,wazuh-tag-unvalidated,,92217(281),not-tested,1,Rapid copy of encryptor to many endpoints (PsExec cluster)
T1588.002,out-of-scope,,,out-of-scope,,Resource Development - happens before the victim network; no SIEM data source can see it
T1657,gap,,,gap,,Extortion - after the damage; deliberately not ranked
T1685,fired,100408 100409 100410 100507 100508,504(50) 506(31) 100410(20) 100409(11) 100508(2) 100408(1) 100507(1) 92008(1),plausible-untested,,Raw v17 join returned gap. ATT&CK v19 revoked T1562.001 into T1685 and our side is tagged v17. INC disables Defender with SystemSettingsAdminFlows.exe; 100409 (event 5013) keys on the outcome not the tool so should fire if Tamper Protection blocks it - never tested
