"rule","total","weeks","first","last","maxWeek","medWeek","agents","byweek"
"100300","109","8","2026-07-27","2026-09-22","24","12","kali=109","07-27:18 08-03:3 08-17:4 08-24:9 08-31:21 09-07:18 09-14:24 09-21:12"
"100301","31","8","2026-07-27","2026-09-22","7","3","kali=31","07-27:3 08-03:1 08-17:1 08-24:3 08-31:7 09-07:6 09-14:6 09-21:4"
"100302","1","1","2026-07-27","2026-07-27","1","1","kali=1","07-27:1"
"100303","1","1","2026-07-27","2026-07-27","1","1","kali=1","07-27:1"
"100305","11","1","2026-07-27","2026-07-27","11","11","kali=11","07-27:11"
"100306","3","1","2026-07-27","2026-07-27","3","3","Ubuntu=3","07-27:3"
"100400","2","1","2026-07-27","2026-07-28","2","2","windows=2","07-27:2"
"100401","8063","8","2026-07-28","2026-09-27","2514","846","DC01=8051 windows=12","07-27:6 08-03:3 08-10:1 08-24:940 08-31:2514 09-07:1711 09-14:2042 09-21:846"
"100402","5","1","2026-07-28","2026-07-28","5","5","windows=5","07-27:5"
"100403","2","1","2026-07-29","2026-07-30","2","2","windows=2","07-27:2"
"100404","3","1","2026-07-29","2026-07-30","3","3","windows=3","07-27:3"
"100405","24","4","2026-08-04","2026-09-21","12","2","windows=24","08-03:1 08-10:2 08-17:12 09-21:9"
"100406","4","2","2026-08-04","2026-08-20","2","2","windows=4","08-03:2 08-17:2"
"100407","7","1","2026-08-05","2026-08-07","7","7","windows=7","08-03:7"
"100408","1","1","2026-08-06","2026-08-06","1","1","windows=1","08-03:1"
"100409","11","2","2026-08-06","2026-08-10","9","2","windows=11","08-03:2 08-10:9"
"100410","20","2","2026-08-06","2026-08-10","17","3","windows=20","08-03:3 08-10:17"
"100411","9","1","2026-08-06","2026-08-07","9","9","windows=9","08-03:9"
"100500","7","1","2026-08-11","2026-08-11","7","7","windows=7","08-10:7"
"100501","2","1","2026-08-12","2026-08-12","2","2","windows=2","08-10:2"
"100502","1118","5","2026-08-14","2026-09-21","416","253","windows=1118","08-10:6 08-17:397 08-24:46 09-14:253 09-21:416"
"100503","10","1","2026-08-20","2026-08-20","10","10","windows=10","08-17:10"
"100504","111","4","2026-08-19","2026-09-21","72","13","windows=111","08-17:72 08-24:13 09-14:1 09-21:25"
"100505","1","1","2026-08-20","2026-08-20","1","1","windows=1","08-17:1"
"100506","5","1","2026-08-20","2026-08-20","5","5","windows=5","08-17:5"
"100507","1","1","2026-08-20","2026-08-20","1","1","windows=1","08-17:1"
"100508","2","1","2026-08-21","2026-08-21","2","2","windows=2","08-17:2"
"100600","1","1","2026-08-30","2026-08-30","1","1","DC01=1","08-24:1"
"100601","3","1","2026-08-31","2026-08-31","3","3","DC01=3","08-31:3"
"100603","9","2","2026-09-10","2026-09-17","8","1","DC01=9","09-07:8 09-14:1"
"100604","3","1","2026-09-14","2026-09-17","3","3","DC01=3","09-14:3"
"100701","3","1","2026-09-22","2026-09-22","3","3","DC01=3","09-21:3"
